-- Schéma minimal pour les tests locaux.
-- Le volume PostgreSQL est éphémère, donc ce script est rejoué à chaque démarrage.

CREATE TABLE IF NOT EXISTS app_user (
  id BIGINT GENERATED BY DEFAULT AS IDENTITY PRIMARY KEY,
  username VARCHAR(255) NOT NULL,
  email VARCHAR(255) NOT NULL UNIQUE,
  password VARCHAR(255),
  rating INTEGER NOT NULL DEFAULT 0
);

CREATE TABLE IF NOT EXISTS object (
  id BIGINT GENERATED BY DEFAULT AS IDENTITY PRIMARY KEY,
  name VARCHAR(255) NOT NULL,
  owned_by_id BIGINT NOT NULL REFERENCES app_user(id),
  status VARCHAR(32) NOT NULL DEFAULT 'AVAILABLE',
  state VARCHAR(32) NOT NULL
);

CREATE TABLE IF NOT EXISTS lending (
  id BIGINT GENERATED BY DEFAULT AS IDENTITY PRIMARY KEY,
  borrowed_by_id BIGINT NOT NULL REFERENCES app_user(id),
  offered_by_id BIGINT NOT NULL REFERENCES app_user(id),
  object_id BIGINT NOT NULL REFERENCES object(id),
  status VARCHAR(32) NOT NULL DEFAULT 'PENDING',
  started_at TIMESTAMP,
  ended_at TIMESTAMP
);

CREATE TABLE IF NOT EXISTS lending_history (
  id BIGINT GENERATED BY DEFAULT AS IDENTITY PRIMARY KEY,
  borrowed_by_id BIGINT NOT NULL REFERENCES app_user(id),
  offered_by_id BIGINT NOT NULL REFERENCES app_user(id),
  object_id BIGINT NOT NULL REFERENCES object(id),
  started_at TIMESTAMP,
  ended_at TIMESTAMP
);

INSERT INTO app_user (id, username, email, password, rating)
VALUES (1, 'alice', 'alice@example.com', 'secret', 5);

INSERT INTO object (id, name, owned_by_id, status, state)
VALUES (1, 'Chaise', 1, 'AVAILABLE', 'GOOD');



-- Ajout d'utilisateurs supplémentaires pour les tests
INSERT INTO app_user (id, username, email, password, rating)
VALUES
  (2, 'bob', 'bob@example.com', 'pwdbob', 4),
  (3, 'carol', 'carol@example.com', 'pwdcarol', 3),
  (4, 'dave', 'dave@example.com', 'pwddave', 2);

-- Objets appartenant à différents utilisateurs
INSERT INTO object (id, name, owned_by_id, status, state)
VALUES
  (2, 'Perceuse', 2, 'AVAILABLE', 'NEW'),
  (3, 'Lampe', 2, 'LENT', 'GOOD'),
  (4, 'Tondeuse', 3, 'AVAILABLE', 'WORN'),
  (5, 'Table', 4, 'UNAVAILABLE', 'DAMAGED'),
  (6, 'Vélo', 3, 'RESERVED', 'GOOD');

-- Prêts en cours / passés (lending)
INSERT INTO lending (id, borrowed_by_id, offered_by_id, object_id, started_at, ended_at)
VALUES
  -- prêt passé : Bob a emprunté la Chaise à Alice et rendu
  (1, 2, 1, 1, '2024-01-10 09:00:00', '2024-01-20 18:00:00'),
  -- prêt en cours : Carol a emprunté la Lampe (object 3)
  (2, 3, 2, 3, '2024-05-01 10:00:00', NULL),
  -- prêt passé : Dave a emprunté la Perceuse à Bob
  (3, 4, 2, 2, '2023-06-05 08:30:00', '2023-06-12 12:00:00');

-- Historique des prêts
INSERT INTO lending_history (id, borrowed_by_id, offered_by_id, object_id, started_at, ended_at)
VALUES
  (1, 2, 1, 1, '2024-01-10 09:00:00', '2024-01-20 18:00:00'),
  (2, 4, 2, 2, '2023-06-05 08:30:00', '2023-06-12 12:00:00');

-- Ajuster les séquences identity pour éviter les conflits si on insère des ids manuellement
SELECT setval(pg_get_serial_sequence('app_user','id'), COALESCE((SELECT MAX(id) FROM app_user), 1));
SELECT setval(pg_get_serial_sequence('object','id'), COALESCE((SELECT MAX(id) FROM object), 1));
SELECT setval(pg_get_serial_sequence('lending','id'), COALESCE((SELECT MAX(id) FROM lending), 1));
SELECT setval(pg_get_serial_sequence('lending_history','id'), COALESCE((SELECT MAX(id) FROM lending_history), 1));

